|,1,0,saved: https://github\.com/ralphite/ClipBoard
|,1,0,saved: regards,\r\nYour\ Name
|,1,0,saved: someone@example\.com
|,2,1,recent:prep\ for\ merge\ to\ main\ repo
|,2,2,recent:C:\\Users\\user\\Documents\\GitHub\\ClipBoard\\Screenshot
|,1,0,recent:In\ ultrices\ ac\ est\ id\ fringilla\.\ Morbi\ sit\ amet\ neque\ at\ velit\ vulputate\ tincidunt\.\ Donec\ aliquam\ gravida\ libero,\ vel\ imperdiet\ elit\ scelerisque\ fringilla\.\ Donec\ a\ ligula\ eget\ est\ tincidunt\ euismod\.\ Aliquam\ et\ porttitor\ ex\.\ Aliquam\ bibendum,\ velit\ sit\ amet\ vulputate\ ultricies,\ nulla\ mauri
|,1,0,recent:Donec\ aliquet\ eu\ sem\ a\ ullamcorper\.
|,1,0,recent:Nullam\ magna\ ante,\ maximus\ quis\ est\ luctus,\ dictum\ varius\ orci\.\ Vestibulum\ convallis\ lacus\ a\ sapien\ malesuada,\ eu\ bibendum\ felis\ sollicitudin\.
|,1,0,recent:Duis\ bibendum\ pulvinar\ commodo\.\ Ut\ tempor\ ultrices\ luctus\.\ Curabitur\ quam\ odio,\ pellentesque\ ac\ sollicitudin\ quis,\ ultricies\ eu\ neque
|,1,0,recent:Aliquam\ cursus\ ut\ mi\ at\ tristique\.\ Pellentesque\ habitant\ morbi\ tristique\ senectus\ et\ netus\ et\ malesuada\ fames\ ac\ turpis\ egestas\.\ Sed\ sed\ pharetra\ lectus\.\ Vestibulum\ vel\ elit\ sem\.\ Aliquam\ eget\ ligula\ ipsum\.\ Nam\ dignissim\ scelerisque\ elit\ et\ pharetra\.
|,1,0,recent:Proin\ ut\ mattis\ arcu,\ nec\ tristique\ risus\.\ Pellentesque\ in\ maximus\ dolor,\ a\ facilisis\ ligula\.\ Proin\ neque\ enim,\ euismod\ ac\ malesuada\ sed,\ 
|,1,0,recent:Donec\ ut\ ex\ consequat,\ lobortis\ augue\ quis,\ efficitur\ risus\.\ Duis\ bibendum\ pulvinar\ commodo\.\ Ut\ tempor\ ultrices\ luctus\.\ Curabitur\ quam\ odio,\ pellentesque\ ac\ sollicitudin\ quis,\ ultricies\ eu\ neque\.\ Nullam\ magna\ ante,\ maximus\ quis\ est\ luctus,\ dictum\ varius\ orci\.\ Vestibulum\ convallis\ lacus\ a\ sapien\ malesuada,\ eu\ bibendum\ felis\ sollicitudin\.\ Donec\ aliquet\ eu\ sem\ a\ ullamcorper\.
|,1,0,recent:Nunc\ quis\ nunc\ ac\ mauris\ egestas\ varius\.\ Duis\ lobortis,\ neque\ sed\ vestibulum\ elementum,\ felis\ sapien\ laoreet\ ante,\ a\ pellentesque\ justo\ tortor\ nec\ arcu\.\ Donec\ massa\ sapien,\ rutrum\ eu\ hendrerit\ eget,\ bibendum\ eu\ lectus\.\ Sed\ feugiat\ sed\ ex\ sed\ venenatis\.\ Pellentesque\ tempus\ posuere\ felis,\ a\ pellentesque\ neque\ semper\ quis\.\ Nunc\ feugiat\ dui\ ultrices\ neque\ vestibulum,\ a\ tincidunt\ ipsum\ vehicula\.\ Mauris\ varius\ iaculis\ ligula\ ut\ feugiat\.\ Nulla\ eget\ risus\ gravida,\ hendrerit\ mi\ quis,\ vehicula\ tortor\.\ Pellentesque\ habitant\ morbi\ tristique\ senectus\ et\ netus\ et\ malesuada\ fames\ ac\ turpis\ egestas\.
|,1,0,recent:Praesent\ euismod\ tincidunt\ rutrum\.\ Cum\ sociis\ natoque\ penatibus\ et\ magnis\ dis\ parturient\ montes,\ nascetur\ ridiculus\ mus\.\ Sed\ at\ commodo\ arcu\.\ Pellentesque\ id\ sagittis\ nisl,\ convallis\ facilisis\ ante\.\ Proin\ ut\ mattis\ arcu,\ nec\ tristique\ risus\.\ Pellentesque\ in\ maximus\ dolor,\ a\ facilisis\ ligula\.\ Proin\ neque\ enim,\ euismod\ ac\ malesuada\ sed,\ congue\ ac\ metus\.\ Nulla\ facilisi\.\ Vestibulum\ varius,\ quam\ ac\ consectetur\ scelerisque,\ lacus\ libero\ luctus\ ante,\ non\ aliquam\ nunc\ odio\ vel\ massa\.\ Sed\ suscipit\ congue\ quam,\ et\ posuere\ nunc\ ultricies\ nec\.\ Nam\ ultricies\ luctus\ vehicula\.\ Integer\ maximus\ vehicula\ lectus\ ut\ sagittis\.
|,1,0,recent:Curabitur\ sollicitudin\ mauris\ id\ massa\ scelerisque,\ vitae\ pretium\ arcu\ rutrum\.\ Nulla\ tristique\ justo\ eget\ posuere\ volutpat\.\ Proin\ sagittis\ felis\ turpis,\ nec\ posuere\ felis\ fermentum\ viverra\.\ Aliquam\ cursus\ ut\ mi\ at\ tristique\.\ Pellentesque\ habitant\ morbi\ tristique\ senectus\ et\ netus\ et\ malesuada\ fames\ ac\ turpis\ egestas\.\ Sed\ sed\ pharetra\ lectus\.\ Vestibulum\ vel\ elit\ sem\.\ Aliquam\ eget\ ligula\ ipsum\.\ Nam\ dignissim\ scelerisque\ elit\ et\ pharetra\.
|,1,0,recent:Ut\ ornare,\ nisl\ at\ consequat\ scelerisque,\ risus\ massa\ tincidunt\ lectus,\ nec\ interdum\ risus\ arcu\ pulvinar\ nunc\.\ Praesent\ pharetra\ convallis\ ligula,\ at\ posuere\ lectus\ mollis\ id\.\ Praesent\ gravida\ nisi\ ut\ elit\ molestie,\ vel\ mattis\ dui\ tempor\.\ Aenean\ venenatis\ turpis\ at\ purus\ hendrerit,\ eget\ viverra\ neque\ molestie\.
|,1,0,recent:Lorem\ ipsum\ dolor\ sit\ amet,\ consectetur\ adipiscing\ elit\.\ Vestibulum\ sit\ amet\ massa\ quis\ nulla\ sollicitudin\ viverra\ eu\ eu\ turpis\.\ Quisque\ et\ dapibus\ nisi\.\ Nullam\ risus\ eros,\ maximus\ quis\ tellus\ euismod,\ euismod\ pharetra\ felis\.\ Duis\ auctor\ elementum\ quam\ et\ pellentesque\.\ Morbi\ quis\ aliquam\ arcu,\ a\ aliquam\ velit\.\ In\ ultrices\ ac\ est\ id\ fringilla\.\ Morbi\ sit\ amet\ neque\ at\ velit\ vulputate\ tincidunt\.\ Donec\ aliquam\ gravida\ libero,\ vel\ imperdiet\ elit\ scelerisque\ fringilla\.\ Donec\ a\ ligula\ eget\ est\ tincidunt\ euismod\.\ Aliquam\ et\ porttitor\ ex\.\ Aliquam\ bibendum,\ velit\ sit\ amet\ vulputate\ ultricies,\ nulla\ mauris\ feugiat\ nisi,\ et\ interdum\ turpis\ elit\ id\ quam\.\ Suspendisse\ in\ est\ eu\ tortor\ consectetur\ consectetur\ at\ eget\ dolor\.\ Curabitur\ sed\ libero\ a\ tortor\ faucibus\ tristique\ consectetur\ ut\ diam\.\ Sed\ neque\ lectus,\ ultrices\ ac\ faucibus\ et,\ tincidunt\ in\ risus\.\ Phasellus\ eget\ venenatis\ erat\.
|,1,0,recent:regards,\r\nYou\ Name
|,1,41,recent:repo
|,17,0,recent:github
|,1,0,recent:`\t¬`¬
|,1,0,recent:mcwdew
|,1,0,recent:mcwdewmcwdewmcwdewmcwdewmcwdewmcwdewmcwdew
|,1,0,recent:\|,1,0,recent:fref
